arbitro,label_encoded
 Alex Gomes Stefano,0
 Anderson Daronco,1
 Anderson Ribeiro Gonçalves,2
 André Luiz Skettino Policarpo Bento,3
 Arthur Gomes Rabelo,4
 Braulio da Silva Machado,5
 Bruno Arleu de Araújo,6
 Bruno Mota Correia,7
 Bruno Pereira Vasconcelos,8
 Caio Max Augusto Vieira,9
 Davi de Oliveira Lacerda,10
 Denis Ribeiro Serafim,11
 Edina Alves Batista,12
 Emerson Ricardo,13
 Felipe Fernandes,14
 Flavio Rodrigues de Souza,15
 Fábio Augusto Santos Sá Júnior,16
 Gustavo Ervino Bauermann,17
 Jefferson Ferreira Moraes,18
 Jonathan Benkenstein Pinheiro,19
 João Vitor Gobi,20
 Kleber Ariel Gonçalves da Silva,21
 Lucas Paulo Torezin,22
 Luciano da Silva Miranda Filho,23
 Luiz Flávio de Oliveira ,24
 Maguielson Lima Barbosa,25
 Marcelo de Lima Henrique  ,26
 Matheus Delgado Candançan,27
 Paulo Belence Alves dos Prazeres Filho,28
 Paulo Cesar Zanovelli,29
 Rafael Rodrigo Klein,30
 Ramon Abatti,31
 Raphael Claus,32
 Rodrigo José Pereira de Lima,33
 Savio Pereira Sampaio,34
 Wagner do Nascimento Magalhães,35
 Wilton Sampaio,36
 Yuri Elino Ferreira da Cruz,37
Adriano Barros,38
Adriano Milczvski,39
Adriano de Carvalho,40
Alexandre Vargas Tavares,41
Alinor Silva da Paixão,42
Alisson Sidnei Furtado,43
Alício Pena Junior,44
Anderson Daronco,45
André Luiz Skettino Policarpo Bento,46
André Luiz de Freitas Castro,47
Antonio Dib Moraes de Sousa,48
Antonio Hora Filho,49
Antonio de Carvalho Schneider,50
Antônio Denival de Morais,51
Antônio Rogério Batista do Prado,52
Arilson Bispo da Anunciação,53
Arnoldo Vasconcelos Figarela,54
Arthur Gomes Rabelo,55
Avelar Rodrigo da Silva,56
Braulio da Silva Machado,57
Bruno Arleu de Araújo,58
Bruno Mota Correia,59
Caio Max Augusto Vieira,60
Carlos Simon,61
Celio Amorim,62
Charles Hebert Cavalcante Ferreira,63
Claudio Francisco Lima e Silva,64
Cleber Wellington Abade,65
Cleisson Veloso Pereira,66
Clever Assunção Gonçalves,67
Cláudio Luciano Mercante Júnior,68
Daniel Nobre Bins,69
Davi de Oliveira Lacerda,70
Denis Ribeiro Serafim,71
Denis da Silva Ribeiro Serafim,72
Devarly Lira do Rosário,73
Dewson Fernando Freitas da Silva,74
Diego Almeida Real,75
Diego Pombo Lopez,76
Djalma José Beltrami Teixeira,77
Domingos de Jesus Viana Filho,78
Douglas Marques Flores,79
Douglas Schwengber,80
Dyorgines Jose Padovani,81
Edilson Ramos da Mata,82
Edina Alves Batista,83
Edivaldo Elias da Silva,84
Edson Espiridião,85
Eduardo Tomaz de Aquino Valadão,86
Elmo Alves Resende Cunha,87
Elvecio Zequetto,88
Emerson Batista da Silva,89
Emerson de Almeida Ferreira,90
Evandro Rogerio Roman,91
Fabrício Neves Corrêa,92
Felipe Duarte Varejão,93
Felipe Fernandes,94
Felipe Gomes da Silva,95
Flavio Rodrigues de Souza,96
Flávio Feijó de Omena,97
Flávio Rodrigues Guerra,98
Francisco Carlos do Nascimento,99
Francisco de Assis Almeida Filho,100
Francisco de Paula dos Santos Silva Neto,101
Franscisco Carlos do Nascimento,102
Frederico Honorato Moreira,103
Fábio Dornelas Calábria,104
Gilberto Rodrigues Castro Junior,105
Giulliano Bozzano,106
Grazianni Maciel Rocha,107
Guilherme Ceretta de Lima,108
Gutemberg de Paula Fonseca,109
Héber Lopes,110
Igor Junior Benevenuto,111
Italo Medeiros de Azevedo,112
Jailson Macedo Freitas,113
Jean Pierre Goncalves Lima,114
Jefferson Ferreira Moraes,115
Jefferson Schmidt,116
Jonathan Benkenstein Pinheiro,117
Jose Mendonça,118
José Caldas de Souza,119
José Claudio Rocha Filho,120
José Henrique de Carvalho,121
José de Caldas Souza,122
João Alberto Gomes Duarte,123
João Batista de Arruda,124
João Luís Oliveira,125
João Vitor Gobi,126
Leandro Bizzio Marinho,127
Leandro Pedro Vuaden,128
Leo Simão Holanda,129
Leonardo Gaciba da Silva,130
Leonardo Garcia Cavaleiro,131
Lourival Dias Lima Filho,132
Luis Cesar de Oliveira Magalhães,133
Luis Teixeira Rocha,134
Luiz Alberto Sardinha Bites,135
Luiz Flávio de Oliveira,136
Luiz Flávio de Oliveira ,137
Luís Antônio Silva Santos,138
Luís Máximo,139
Maguielson Lima Barbosa,140
Manuel Lopo Garrido,141
Marcelo Aparecido Ribeiro de Souza,142
Marcelo de Lima Henrique,143
Marcelo de Lima Henrique  ,144
Marco Antônio da Silva Sampaio,145
Marcos André Gomes da Penha,146
Marcos Mateus Pereira,147
Marielson Alves Silva,148
Matheus Delgado Candançan,149
Maurício Aparecido de Siqueira,150
Márcio Chagas da Silva,151
Nielson Nogueira Dias,152
Pablo Ramón Goncalves Pinheiro,153
Pablo dos Santos Alves,154
Paulo Belence Alves dos Prazeres Filho,155
Paulo Cesar Zanovelli,156
Paulo César de Oliveira,157
Paulo Henrique Schleinch Vollkopf,158
Paulo Henrique de Godoy Bezerra,159
Paulo Roberto Alves Júnior,160
Phillippe Lombard,161
Péricles Bassols Pegado Cortez,162
Rafael Rodrigo Klein,163
Rafael Traci,164
Ramon Abatti,165
Raphael Claus,166
Renato Cardoso da Conceição,167
Renán Roberto de Souza,168
Ricardo Marques Ribeiro,169
Ricardo Marques Ribeiro ,170
Rodolpho Toski Marques,171
Rodrigo Batista Raposo,172
Rodrigo Braghetto,173
Rodrigo Carvalhaes de Miranda,174
Rodrigo D,175
Rodrigo Guarizo Ferreira do Amaral,176
Rodrigo Jose Pereira de Lima,177
Rodrigo Martins Cintra,178
Rodrigo Nunes de Sá,179
Rogério Lima da Rocha,180
Rogério Pereira da Costa,181
Ronan Marques da Rosa,182
Salvio Fagundes Filho,183
Sandro Ricci,184
Savio Pereira Sampaio,185
Sergio da Silva Carvalho,186
Thiago Duarte Peixoto,187
Thiago Scarascati,188
Vinicius Furlan,189
Vinicius Gomes,190
Vinicius Gonçalves Dias Araujo,191
Vinícius da Costa,192
Wagner Reway,193
Wagner Tardelli Azevedo,194
Wagner do Nascimento Magalhães,195
Wagner dos Santos Rosa,196
Wallace Nascimento Valente,197
Washington José Alves de Souza,198
William Marcelo Souza Nery,199
Wilson Luiz Seneme,200
Wilson Souza de Mendonça,201
Wilton Sampaio,202
Yuri Elino Ferreira da Cruz,203
Zandick Gondim,204
tbc,205
Álvaro Azeredo Quelhas,206
Émerson Luiz Sobral,207
